{
    "total_runtime": 823.6154761314392,
    "num_documents": 1,
    "input_load_time": 0,
    "workflows": {
        "create_base_text_units": {
            "overall": 2.135126829147339,
            "0_orderby": 0.00587010383605957,
            "1_zip": 0.002835512161254883,
            "2_aggregate_override": 0.00734257698059082,
            "3_chunk": 2.070686101913452,
            "4_select": 0.00489497184753418,
            "5_unroll": 0.008857965469360352,
            "6_rename": 0.0035932064056396484,
            "7_genid": 0.0067844390869140625,
            "8_unzip": 0.004359006881713867,
            "9_copy": 0.0039501190185546875,
            "10_filter": 0.014040708541870117
        },
        "create_base_extracted_entities": {
            "overall": 548.907045841217,
            "0_entity_extract": 548.8651676177979,
            "1_merge_graphs": 0.03763723373413086
        },
        "create_summarized_entities": {
            "overall": 31.04913067817688,
            "0_summarize_descriptions": 31.044459104537964
        },
        "create_base_entity_graph": {
            "overall": 0.08088302612304688,
            "0_cluster_graph": 0.06871604919433594,
            "1_select": 0.006664752960205078
        },
        "create_final_entities": {
            "overall": 1.604034662246704,
            "0_unpack_graph": 0.025659799575805664,
            "1_rename": 0.006589174270629883,
            "2_select": 0.0067517757415771484,
            "3_dedupe": 0.007779836654663086,
            "4_rename": 0.007342100143432617,
            "5_filter": 0.017293930053710938,
            "6_text_split": 0.010024547576904297,
            "7_drop": 0.007718086242675781,
            "8_merge": 0.03220963478088379,
            "9_text_embed": 1.4475343227386475,
            "10_drop": 0.00913238525390625,
            "11_filter": 0.019966602325439453
        },
        "create_final_nodes": {
            "overall": 0.2806379795074463,
            "0_layout_graph": 0.08795952796936035,
            "1_unpack_graph": 0.030878067016601562,
            "2_unpack_graph": 0.033185482025146484,
            "3_filter": 0.02614450454711914,
            "4_drop": 0.009891510009765625,
            "5_select": 0.010578632354736328,
            "6_rename": 0.01070261001586914,
            "7_join": 0.016978025436401367,
            "8_convert": 0.0345149040222168,
            "9_rename": 0.011672496795654297
        },
        "create_final_communities": {
            "overall": 0.34258222579956055,
            "0_unpack_graph": 0.03025650978088379,
            "1_unpack_graph": 0.030623435974121094,
            "2_aggregate_override": 0.01598954200744629,
            "3_join": 0.029939651489257812,
            "4_join": 0.022175073623657227,
            "5_concat": 0.013187170028686523,
            "6_filter": 0.06337857246398926,
            "7_aggregate_override": 0.016817331314086914,
            "8_join": 0.017090797424316406,
            "9_filter": 0.03123641014099121,
            "10_fill": 0.013509511947631836,
            "11_merge": 0.018166542053222656,
            "12_copy": 0.014438390731811523,
            "13_select": 0.015152931213378906
        },
        "join_text_units_to_entity_ids": {
            "overall": 0.06428003311157227,
            "0_select": 0.014861345291137695,
            "1_unroll": 0.016833066940307617,
            "2_aggregate_override": 0.01884913444519043
        },
        "create_final_relationships": {
            "overall": 0.22425413131713867,
            "0_unpack_graph": 0.03424072265625,
            "1_filter": 0.036841630935668945,
            "2_rename": 0.015723705291748047,
            "3_filter": 0.037184953689575195,
            "4_drop": 0.015972137451171875,
            "5_compute_edge_combined_degree": 0.018584728240966797,
            "6_convert": 0.033156633377075195,
            "7_convert": 0.017432451248168945
        },
        "join_text_units_to_relationship_ids": {
            "overall": 0.09116101264953613,
            "0_select": 0.017123699188232422,
            "1_unroll": 0.018261194229125977,
            "2_aggregate_override": 0.02124643325805664,
            "3_select": 0.018077373504638672
        },
        "create_final_community_reports": {
            "overall": 236.12804436683655,
            "0_prepare_community_reports_nodes": 0.02416372299194336,
            "1_prepare_community_reports_edges": 0.021886587142944336,
            "2_restore_community_hierarchy": 0.02337956428527832,
            "3_prepare_community_reports": 0.1417691707611084,
            "4_create_community_reports": 235.87599730491638,
            "5_window": 0.021971464157104492
        },
        "create_final_text_units": {
            "overall": 0.15977883338928223,
            "0_select": 0.021909475326538086,
            "1_rename": 0.020973682403564453,
            "2_join": 0.025940895080566406,
            "3_join": 0.02667975425720215,
            "4_aggregate_override": 0.02379322052001953,
            "5_select": 0.021663427352905273
        },
        "create_base_documents": {
            "overall": 0.2332477569580078,
            "0_unroll": 0.024035215377807617,
            "1_select": 0.02235269546508789,
            "2_rename": 0.02106761932373047,
            "3_join": 0.027413368225097656,
            "4_aggregate_override": 0.022635936737060547,
            "5_join": 0.025430917739868164,
            "6_rename": 0.021764278411865234,
            "7_convert": 0.04640340805053711
        },
        "create_final_documents": {
            "overall": 0.05041694641113281,
            "0_rename": 0.024388551712036133
        }
    }
}